userId,email,password,candidateId
student-001,student-001@test.local,password123,W250001
student-002,student-002@test.local,password123,W250002
student-003,student-003@test.local,password123,W250003
student-004,student-004@test.local,password123,W250004
student-005,student-005@test.local,password123,W250005
student-006,student-006@test.local,password123,W250006
student-007,student-007@test.local,password123,W250007
student-008,student-008@test.local,password123,W250008
student-009,student-009@test.local,password123,W250009
student-010,student-010@test.local,password123,W250010
student-011,student-011@test.local,password123,W250011
student-012,student-012@test.local,password123,W250012
student-013,student-013@test.local,password123,W250013
student-014,student-014@test.local,password123,W250014
student-015,student-015@test.local,password123,W250015
student-016,student-016@test.local,password123,W250016
student-017,student-017@test.local,password123,W250017
student-018,student-018@test.local,password123,W250018
student-019,student-019@test.local,password123,W250019
student-020,student-020@test.local,password123,W250020
student-021,student-021@test.local,password123,W250021
student-022,student-022@test.local,password123,W250022
student-023,student-023@test.local,password123,W250023
student-024,student-024@test.local,password123,W250024
student-025,student-025@test.local,password123,W250025
student-026,student-026@test.local,password123,W250026
student-027,student-027@test.local,password123,W250027
student-028,student-028@test.local,password123,W250028
student-029,student-029@test.local,password123,W250029
student-030,student-030@test.local,password123,W250030
student-031,student-031@test.local,password123,W250031
student-032,student-032@test.local,password123,W250032
student-033,student-033@test.local,password123,W250033
student-034,student-034@test.local,password123,W250034
student-035,student-035@test.local,password123,W250035
student-036,student-036@test.local,password123,W250036
student-037,student-037@test.local,password123,W250037
student-038,student-038@test.local,password123,W250038
student-039,student-039@test.local,password123,W250039
student-040,student-040@test.local,password123,W250040
student-041,student-041@test.local,password123,W250041
student-042,student-042@test.local,password123,W250042
student-043,student-043@test.local,password123,W250043
student-044,student-044@test.local,password123,W250044
student-045,student-045@test.local,password123,W250045
student-046,student-046@test.local,password123,W250046
student-047,student-047@test.local,password123,W250047
student-048,student-048@test.local,password123,W250048
student-049,student-049@test.local,password123,W250049
student-050,student-050@test.local,password123,W250050
student-051,student-051@test.local,password123,W250051
student-052,student-052@test.local,password123,W250052
student-053,student-053@test.local,password123,W250053
student-054,student-054@test.local,password123,W250054
student-055,student-055@test.local,password123,W250055
student-056,student-056@test.local,password123,W250056
student-057,student-057@test.local,password123,W250057
student-058,student-058@test.local,password123,W250058
student-059,student-059@test.local,password123,W250059
student-060,student-060@test.local,password123,W250060
student-061,student-061@test.local,password123,W250061
student-062,student-062@test.local,password123,W250062
student-063,student-063@test.local,password123,W250063
student-064,student-064@test.local,password123,W250064
student-065,student-065@test.local,password123,W250065
student-066,student-066@test.local,password123,W250066
student-067,student-067@test.local,password123,W250067
student-068,student-068@test.local,password123,W250068
student-069,student-069@test.local,password123,W250069
student-070,student-070@test.local,password123,W250070
student-071,student-071@test.local,password123,W250071
student-072,student-072@test.local,password123,W250072
student-073,student-073@test.local,password123,W250073
student-074,student-074@test.local,password123,W250074
student-075,student-075@test.local,password123,W250075
student-076,student-076@test.local,password123,W250076
student-077,student-077@test.local,password123,W250077
student-078,student-078@test.local,password123,W250078
student-079,student-079@test.local,password123,W250079
student-080,student-080@test.local,password123,W250080
student-081,student-081@test.local,password123,W250081
student-082,student-082@test.local,password123,W250082
student-083,student-083@test.local,password123,W250083
student-084,student-084@test.local,password123,W250084
student-085,student-085@test.local,password123,W250085
student-086,student-086@test.local,password123,W250086
student-087,student-087@test.local,password123,W250087
student-088,student-088@test.local,password123,W250088
student-089,student-089@test.local,password123,W250089
student-090,student-090@test.local,password123,W250090
student-091,student-091@test.local,password123,W250091
student-092,student-092@test.local,password123,W250092
student-093,student-093@test.local,password123,W250093
student-094,student-094@test.local,password123,W250094
student-095,student-095@test.local,password123,W250095
student-096,student-096@test.local,password123,W250096
student-097,student-097@test.local,password123,W250097
student-098,student-098@test.local,password123,W250098
student-099,student-099@test.local,password123,W250099
student-100,student-100@test.local,password123,W250100
student-101,student-101@test.local,password123,W250101
student-102,student-102@test.local,password123,W250102
student-103,student-103@test.local,password123,W250103
student-104,student-104@test.local,password123,W250104
student-105,student-105@test.local,password123,W250105
student-106,student-106@test.local,password123,W250106
student-107,student-107@test.local,password123,W250107
student-108,student-108@test.local,password123,W250108
student-109,student-109@test.local,password123,W250109
student-110,student-110@test.local,password123,W250110
student-111,student-111@test.local,password123,W250111
student-112,student-112@test.local,password123,W250112
student-113,student-113@test.local,password123,W250113
student-114,student-114@test.local,password123,W250114
student-115,student-115@test.local,password123,W250115
student-116,student-116@test.local,password123,W250116
student-117,student-117@test.local,password123,W250117
student-118,student-118@test.local,password123,W250118
student-119,student-119@test.local,password123,W250119
student-120,student-120@test.local,password123,W250120
student-121,student-121@test.local,password123,W250121
student-122,student-122@test.local,password123,W250122
student-123,student-123@test.local,password123,W250123
student-124,student-124@test.local,password123,W250124
student-125,student-125@test.local,password123,W250125
student-126,student-126@test.local,password123,W250126
student-127,student-127@test.local,password123,W250127
student-128,student-128@test.local,password123,W250128
student-129,student-129@test.local,password123,W250129
student-130,student-130@test.local,password123,W250130
student-131,student-131@test.local,password123,W250131
student-132,student-132@test.local,password123,W250132
student-133,student-133@test.local,password123,W250133
student-134,student-134@test.local,password123,W250134
student-135,student-135@test.local,password123,W250135
student-136,student-136@test.local,password123,W250136
student-137,student-137@test.local,password123,W250137
student-138,student-138@test.local,password123,W250138
student-139,student-139@test.local,password123,W250139
student-140,student-140@test.local,password123,W250140
student-141,student-141@test.local,password123,W250141
student-142,student-142@test.local,password123,W250142
student-143,student-143@test.local,password123,W250143
student-144,student-144@test.local,password123,W250144
student-145,student-145@test.local,password123,W250145
student-146,student-146@test.local,password123,W250146
student-147,student-147@test.local,password123,W250147
student-148,student-148@test.local,password123,W250148
student-149,student-149@test.local,password123,W250149
student-150,student-150@test.local,password123,W250150
student-151,student-151@test.local,password123,W250151
student-152,student-152@test.local,password123,W250152
student-153,student-153@test.local,password123,W250153
student-154,student-154@test.local,password123,W250154
student-155,student-155@test.local,password123,W250155
student-156,student-156@test.local,password123,W250156
student-157,student-157@test.local,password123,W250157
student-158,student-158@test.local,password123,W250158
student-159,student-159@test.local,password123,W250159
student-160,student-160@test.local,password123,W250160
student-161,student-161@test.local,password123,W250161
student-162,student-162@test.local,password123,W250162
student-163,student-163@test.local,password123,W250163
student-164,student-164@test.local,password123,W250164
student-165,student-165@test.local,password123,W250165
student-166,student-166@test.local,password123,W250166
student-167,student-167@test.local,password123,W250167
student-168,student-168@test.local,password123,W250168
student-169,student-169@test.local,password123,W250169
student-170,student-170@test.local,password123,W250170
student-171,student-171@test.local,password123,W250171
student-172,student-172@test.local,password123,W250172
student-173,student-173@test.local,password123,W250173
student-174,student-174@test.local,password123,W250174
student-175,student-175@test.local,password123,W250175
student-176,student-176@test.local,password123,W250176
student-177,student-177@test.local,password123,W250177
student-178,student-178@test.local,password123,W250178
student-179,student-179@test.local,password123,W250179
student-180,student-180@test.local,password123,W250180
student-181,student-181@test.local,password123,W250181
student-182,student-182@test.local,password123,W250182
student-183,student-183@test.local,password123,W250183
student-184,student-184@test.local,password123,W250184
student-185,student-185@test.local,password123,W250185
student-186,student-186@test.local,password123,W250186
student-187,student-187@test.local,password123,W250187
student-188,student-188@test.local,password123,W250188
student-189,student-189@test.local,password123,W250189
student-190,student-190@test.local,password123,W250190
student-191,student-191@test.local,password123,W250191
student-192,student-192@test.local,password123,W250192
student-193,student-193@test.local,password123,W250193
student-194,student-194@test.local,password123,W250194
student-195,student-195@test.local,password123,W250195
student-196,student-196@test.local,password123,W250196
student-197,student-197@test.local,password123,W250197
student-198,student-198@test.local,password123,W250198
student-199,student-199@test.local,password123,W250199
student-200,student-200@test.local,password123,W250200
student-201,student-201@test.local,password123,W250201
student-202,student-202@test.local,password123,W250202
student-203,student-203@test.local,password123,W250203
student-204,student-204@test.local,password123,W250204
student-205,student-205@test.local,password123,W250205
student-206,student-206@test.local,password123,W250206
student-207,student-207@test.local,password123,W250207
student-208,student-208@test.local,password123,W250208
student-209,student-209@test.local,password123,W250209
student-210,student-210@test.local,password123,W250210
student-211,student-211@test.local,password123,W250211
student-212,student-212@test.local,password123,W250212
student-213,student-213@test.local,password123,W250213
student-214,student-214@test.local,password123,W250214
student-215,student-215@test.local,password123,W250215
student-216,student-216@test.local,password123,W250216
student-217,student-217@test.local,password123,W250217
student-218,student-218@test.local,password123,W250218
student-219,student-219@test.local,password123,W250219
student-220,student-220@test.local,password123,W250220
student-221,student-221@test.local,password123,W250221
student-222,student-222@test.local,password123,W250222
student-223,student-223@test.local,password123,W250223
student-224,student-224@test.local,password123,W250224
student-225,student-225@test.local,password123,W250225
student-226,student-226@test.local,password123,W250226
student-227,student-227@test.local,password123,W250227
student-228,student-228@test.local,password123,W250228
student-229,student-229@test.local,password123,W250229
student-230,student-230@test.local,password123,W250230
student-231,student-231@test.local,password123,W250231
student-232,student-232@test.local,password123,W250232
student-233,student-233@test.local,password123,W250233
student-234,student-234@test.local,password123,W250234
student-235,student-235@test.local,password123,W250235
student-236,student-236@test.local,password123,W250236
student-237,student-237@test.local,password123,W250237
student-238,student-238@test.local,password123,W250238
student-239,student-239@test.local,password123,W250239
student-240,student-240@test.local,password123,W250240
student-241,student-241@test.local,password123,W250241
student-242,student-242@test.local,password123,W250242
student-243,student-243@test.local,password123,W250243
student-244,student-244@test.local,password123,W250244
student-245,student-245@test.local,password123,W250245
student-246,student-246@test.local,password123,W250246
student-247,student-247@test.local,password123,W250247
student-248,student-248@test.local,password123,W250248
student-249,student-249@test.local,password123,W250249
student-250,student-250@test.local,password123,W250250
student-251,student-251@test.local,password123,W250251
student-252,student-252@test.local,password123,W250252
student-253,student-253@test.local,password123,W250253
student-254,student-254@test.local,password123,W250254
student-255,student-255@test.local,password123,W250255
student-256,student-256@test.local,password123,W250256
student-257,student-257@test.local,password123,W250257
student-258,student-258@test.local,password123,W250258
student-259,student-259@test.local,password123,W250259
student-260,student-260@test.local,password123,W250260
student-261,student-261@test.local,password123,W250261
student-262,student-262@test.local,password123,W250262
student-263,student-263@test.local,password123,W250263
student-264,student-264@test.local,password123,W250264
student-265,student-265@test.local,password123,W250265
student-266,student-266@test.local,password123,W250266
student-267,student-267@test.local,password123,W250267
student-268,student-268@test.local,password123,W250268
student-269,student-269@test.local,password123,W250269
student-270,student-270@test.local,password123,W250270
student-271,student-271@test.local,password123,W250271
student-272,student-272@test.local,password123,W250272
student-273,student-273@test.local,password123,W250273
student-274,student-274@test.local,password123,W250274
student-275,student-275@test.local,password123,W250275
student-276,student-276@test.local,password123,W250276
student-277,student-277@test.local,password123,W250277
student-278,student-278@test.local,password123,W250278
student-279,student-279@test.local,password123,W250279
student-280,student-280@test.local,password123,W250280
student-281,student-281@test.local,password123,W250281
student-282,student-282@test.local,password123,W250282
student-283,student-283@test.local,password123,W250283
student-284,student-284@test.local,password123,W250284
student-285,student-285@test.local,password123,W250285
student-286,student-286@test.local,password123,W250286
student-287,student-287@test.local,password123,W250287
student-288,student-288@test.local,password123,W250288
student-289,student-289@test.local,password123,W250289
student-290,student-290@test.local,password123,W250290
student-291,student-291@test.local,password123,W250291
student-292,student-292@test.local,password123,W250292
student-293,student-293@test.local,password123,W250293
student-294,student-294@test.local,password123,W250294
student-295,student-295@test.local,password123,W250295
student-296,student-296@test.local,password123,W250296
student-297,student-297@test.local,password123,W250297
student-298,student-298@test.local,password123,W250298
student-299,student-299@test.local,password123,W250299
student-300,student-300@test.local,password123,W250300
student-301,student-301@test.local,password123,W250301
student-302,student-302@test.local,password123,W250302
student-303,student-303@test.local,password123,W250303
student-304,student-304@test.local,password123,W250304
student-305,student-305@test.local,password123,W250305
student-306,student-306@test.local,password123,W250306
student-307,student-307@test.local,password123,W250307
student-308,student-308@test.local,password123,W250308
student-309,student-309@test.local,password123,W250309
student-310,student-310@test.local,password123,W250310
student-311,student-311@test.local,password123,W250311
student-312,student-312@test.local,password123,W250312
student-313,student-313@test.local,password123,W250313
student-314,student-314@test.local,password123,W250314
student-315,student-315@test.local,password123,W250315
student-316,student-316@test.local,password123,W250316
student-317,student-317@test.local,password123,W250317
student-318,student-318@test.local,password123,W250318
student-319,student-319@test.local,password123,W250319
student-320,student-320@test.local,password123,W250320
student-321,student-321@test.local,password123,W250321
student-322,student-322@test.local,password123,W250322
student-323,student-323@test.local,password123,W250323
student-324,student-324@test.local,password123,W250324
student-325,student-325@test.local,password123,W250325
student-326,student-326@test.local,password123,W250326
student-327,student-327@test.local,password123,W250327
student-328,student-328@test.local,password123,W250328
student-329,student-329@test.local,password123,W250329
student-330,student-330@test.local,password123,W250330
student-331,student-331@test.local,password123,W250331
student-332,student-332@test.local,password123,W250332
student-333,student-333@test.local,password123,W250333
student-334,student-334@test.local,password123,W250334
student-335,student-335@test.local,password123,W250335
student-336,student-336@test.local,password123,W250336
student-337,student-337@test.local,password123,W250337
student-338,student-338@test.local,password123,W250338
student-339,student-339@test.local,password123,W250339
student-340,student-340@test.local,password123,W250340
student-341,student-341@test.local,password123,W250341
student-342,student-342@test.local,password123,W250342
student-343,student-343@test.local,password123,W250343
student-344,student-344@test.local,password123,W250344
student-345,student-345@test.local,password123,W250345
student-346,student-346@test.local,password123,W250346
student-347,student-347@test.local,password123,W250347
student-348,student-348@test.local,password123,W250348
student-349,student-349@test.local,password123,W250349
student-350,student-350@test.local,password123,W250350
student-351,student-351@test.local,password123,W250351
student-352,student-352@test.local,password123,W250352
student-353,student-353@test.local,password123,W250353
student-354,student-354@test.local,password123,W250354
student-355,student-355@test.local,password123,W250355
student-356,student-356@test.local,password123,W250356
student-357,student-357@test.local,password123,W250357
student-358,student-358@test.local,password123,W250358
student-359,student-359@test.local,password123,W250359
student-360,student-360@test.local,password123,W250360
student-361,student-361@test.local,password123,W250361
student-362,student-362@test.local,password123,W250362
student-363,student-363@test.local,password123,W250363
student-364,student-364@test.local,password123,W250364
student-365,student-365@test.local,password123,W250365
student-366,student-366@test.local,password123,W250366
student-367,student-367@test.local,password123,W250367
student-368,student-368@test.local,password123,W250368
student-369,student-369@test.local,password123,W250369
student-370,student-370@test.local,password123,W250370
student-371,student-371@test.local,password123,W250371
student-372,student-372@test.local,password123,W250372
student-373,student-373@test.local,password123,W250373
student-374,student-374@test.local,password123,W250374
student-375,student-375@test.local,password123,W250375
student-376,student-376@test.local,password123,W250376
student-377,student-377@test.local,password123,W250377
student-378,student-378@test.local,password123,W250378
student-379,student-379@test.local,password123,W250379
student-380,student-380@test.local,password123,W250380
student-381,student-381@test.local,password123,W250381
student-382,student-382@test.local,password123,W250382
student-383,student-383@test.local,password123,W250383
student-384,student-384@test.local,password123,W250384
student-385,student-385@test.local,password123,W250385
student-386,student-386@test.local,password123,W250386
student-387,student-387@test.local,password123,W250387
student-388,student-388@test.local,password123,W250388
student-389,student-389@test.local,password123,W250389
student-390,student-390@test.local,password123,W250390
student-391,student-391@test.local,password123,W250391
student-392,student-392@test.local,password123,W250392
student-393,student-393@test.local,password123,W250393
student-394,student-394@test.local,password123,W250394
student-395,student-395@test.local,password123,W250395
student-396,student-396@test.local,password123,W250396
student-397,student-397@test.local,password123,W250397
student-398,student-398@test.local,password123,W250398
student-399,student-399@test.local,password123,W250399
student-400,student-400@test.local,password123,W250400
student-401,student-401@test.local,password123,W250401
student-402,student-402@test.local,password123,W250402
student-403,student-403@test.local,password123,W250403
student-404,student-404@test.local,password123,W250404
student-405,student-405@test.local,password123,W250405
student-406,student-406@test.local,password123,W250406
student-407,student-407@test.local,password123,W250407
student-408,student-408@test.local,password123,W250408
student-409,student-409@test.local,password123,W250409
student-410,student-410@test.local,password123,W250410
student-411,student-411@test.local,password123,W250411
student-412,student-412@test.local,password123,W250412
student-413,student-413@test.local,password123,W250413
student-414,student-414@test.local,password123,W250414
student-415,student-415@test.local,password123,W250415
student-416,student-416@test.local,password123,W250416
student-417,student-417@test.local,password123,W250417
student-418,student-418@test.local,password123,W250418
student-419,student-419@test.local,password123,W250419
student-420,student-420@test.local,password123,W250420
student-421,student-421@test.local,password123,W250421
student-422,student-422@test.local,password123,W250422
student-423,student-423@test.local,password123,W250423
student-424,student-424@test.local,password123,W250424
student-425,student-425@test.local,password123,W250425
student-426,student-426@test.local,password123,W250426
student-427,student-427@test.local,password123,W250427
student-428,student-428@test.local,password123,W250428
student-429,student-429@test.local,password123,W250429
student-430,student-430@test.local,password123,W250430
student-431,student-431@test.local,password123,W250431
student-432,student-432@test.local,password123,W250432
student-433,student-433@test.local,password123,W250433
student-434,student-434@test.local,password123,W250434
student-435,student-435@test.local,password123,W250435
student-436,student-436@test.local,password123,W250436
student-437,student-437@test.local,password123,W250437
student-438,student-438@test.local,password123,W250438
student-439,student-439@test.local,password123,W250439
student-440,student-440@test.local,password123,W250440
student-441,student-441@test.local,password123,W250441
student-442,student-442@test.local,password123,W250442
student-443,student-443@test.local,password123,W250443
student-444,student-444@test.local,password123,W250444
student-445,student-445@test.local,password123,W250445
student-446,student-446@test.local,password123,W250446
student-447,student-447@test.local,password123,W250447
student-448,student-448@test.local,password123,W250448
student-449,student-449@test.local,password123,W250449
student-450,student-450@test.local,password123,W250450
student-451,student-451@test.local,password123,W250451
student-452,student-452@test.local,password123,W250452
student-453,student-453@test.local,password123,W250453
student-454,student-454@test.local,password123,W250454
student-455,student-455@test.local,password123,W250455
student-456,student-456@test.local,password123,W250456
student-457,student-457@test.local,password123,W250457
student-458,student-458@test.local,password123,W250458
student-459,student-459@test.local,password123,W250459
student-460,student-460@test.local,password123,W250460
student-461,student-461@test.local,password123,W250461
student-462,student-462@test.local,password123,W250462
student-463,student-463@test.local,password123,W250463
student-464,student-464@test.local,password123,W250464
student-465,student-465@test.local,password123,W250465
student-466,student-466@test.local,password123,W250466
student-467,student-467@test.local,password123,W250467
student-468,student-468@test.local,password123,W250468
student-469,student-469@test.local,password123,W250469
student-470,student-470@test.local,password123,W250470
student-471,student-471@test.local,password123,W250471
student-472,student-472@test.local,password123,W250472
student-473,student-473@test.local,password123,W250473
student-474,student-474@test.local,password123,W250474
student-475,student-475@test.local,password123,W250475
student-476,student-476@test.local,password123,W250476
student-477,student-477@test.local,password123,W250477
student-478,student-478@test.local,password123,W250478
student-479,student-479@test.local,password123,W250479
student-480,student-480@test.local,password123,W250480
student-481,student-481@test.local,password123,W250481
student-482,student-482@test.local,password123,W250482
student-483,student-483@test.local,password123,W250483
student-484,student-484@test.local,password123,W250484
student-485,student-485@test.local,password123,W250485
student-486,student-486@test.local,password123,W250486
student-487,student-487@test.local,password123,W250487
student-488,student-488@test.local,password123,W250488
student-489,student-489@test.local,password123,W250489
student-490,student-490@test.local,password123,W250490
student-491,student-491@test.local,password123,W250491
student-492,student-492@test.local,password123,W250492
student-493,student-493@test.local,password123,W250493
student-494,student-494@test.local,password123,W250494
student-495,student-495@test.local,password123,W250495
student-496,student-496@test.local,password123,W250496
student-497,student-497@test.local,password123,W250497
student-498,student-498@test.local,password123,W250498
student-499,student-499@test.local,password123,W250499
student-500,student-500@test.local,password123,W250500
